customer_id,first_name,last_name,date_of_birth,national_id,email,phone_number,address_line1,city,region,postal_code,plan_id,activation_date,account_status,customer_segment,credit_score
CUST0000001,Joshua,Walker,1984-02-21,bfn-18-1960,williamjohnson@example.org,3794026542351,1559 Roman Stream,Herrerafurt,NORTH,10829,PLN006,2021-10-12,ACTIVE,CONSUMER,550
CUST0000002,Christine,Hensley,1978-03-14,fog-93-1034,oramirez@example.com,5534192832764,503 Linda Locks,Carlshire,SOUTH,94599,PLN002,2025-10-20,CHURNED,CONSUMER,389
CUST0000003,Randall,Rocha,1962-01-21,IqV-72-4238,zhurst@example.com,2871012269166,480 Erin Plain Suite 514,Mooretown,WEST,95147,PLN005,2024-12-06,ACTIVE,CONSUMER,395
CUST0000004,Vincent,White,2000-03-20,xWk-14-8932,georgetracy@example.org,4303911718227,8963 Jennifer Locks,Samuelhaven,SOUTH,59678,PLN002,2022-12-21,SUSPENDED,ENTERPRISE,327
CUST0000005,Matthew,Chapman,1948-11-20,oec-39-3010,chad34@example.net,3829973763116,6701 Richard Junction Apt. 333,Taylorburgh,SOUTH,37010,PLN005,2022-10-12,CHURNED,ENTERPRISE,729
CUST0000006,Charles,Morton,1972-02-13,Wpk-81-0801,ntucker@example.com,2606474687234,98050 Breanna Parkway,North Susan,WEST,11001,PLN002,2026-01-10,SUSPENDED,CONSUMER,306
CUST0000007,Carlos,Hensley,1998-07-20,cNf-61-9399,ksandoval@example.net,4353462475107,83842 Ibarra Gardens,Justinmouth,WEST,71701,PLN002,2021-12-31,ACTIVE,CONSUMER,459
CUST0000008,Vanessa,Valdez,1988-07-01,hgV-08-4124,josephjacobs@example.net,3487401640052,78680 Charles Spurs Apt. 805,South David,EAST,40905,PLN002,2024-09-17,ACTIVE,CONSUMER,689
CUST0000009,Teresa,Williams,1965-06-15,ANV-53-3158,sarayoung@example.org,6025634216073,5433 Donna Locks,Joshualand,EAST,37086,PLN001,2026-04-27,ACTIVE,ENTERPRISE,570
CUST0000010,Erin,Anthony,1964-07-15,qcg-50-1429,yreed@example.com,9816934060883,1595 Jennifer Hills Suite 656,Angelaborough,WEST,55609,PLN001,2024-03-15,SUSPENDED,CONSUMER,687
CUST0000011,Kaitlin,Thompson,1985-11-15,snB-94-6804,steven73@example.net,2148951343320,79176 Jennifer Lights,Rossberg,EAST,86491,PLN001,2023-07-21,CHURNED,ENTERPRISE,670
CUST0000012,Michelle,Mcclure,1987-06-02,Jph-63-2870,danderson@example.net,7986872774348,347 Jennifer Freeway Suite 558,East Edwardfurt,SOUTH,91458,PLN005,2026-02-12,CHURNED,CONSUMER,346
CUST0000013,Robert,Rivera,1951-01-19,XLS-76-0366,gateskathy@example.com,0546688937346,65627 Tina Place Apt. 699,North Dawnberg,SOUTH,61016,PLN006,2022-09-22,ACTIVE,CONSUMER,538
CUST0000014,Mark,Gibson,1953-01-06,EbV-56-4641,cookemichael@example.net,0033092327193,452 Kimberly Estates Suite 190,Barbarafurt,WEST,52491,PLN001,2022-12-16,ACTIVE,SME,673
CUST0000015,Brittany,Rivas,2004-09-05,Ycw-31-4919,estanley@example.net,0671657262849,6945 Mariah Corners Suite 737,Rogersfort,EAST,43101,PLN002,2022-08-25,ACTIVE,CONSUMER,573
CUST0000016,Lauren,Peterson,1953-01-09,fpU-94-8083,wfreeman@example.org,7701436349578,8557 Parker Fort Apt. 351,East Javier,NORTH,63965,PLN006,2022-09-19,SUSPENDED,CONSUMER,846
CUST0000017,Kathleen,Carlson,1959-06-18,taT-13-4352,joshuamccann@example.net,2710947775204,16719 Edward Valleys Suite 131,Obrienbury,SOUTH,68995,PLN006,2024-08-08,ACTIVE,SME,688
CUST0000018,Kenneth,Chapman,1966-07-11,VgW-64-9909,colleenbaker@example.org,3281206797403,471 Sandra Turnpike Apt. 618,Lake Edward,SOUTH,35317,PLN003,2026-03-13,CHURNED,CONSUMER,357
CUST0000019,Gabriel,Parker,1996-11-14,Szr-94-7174,mkim@example.org,5940139904902,742 Walters Overpass Apt. 756,Manuelville,NORTH,21580,PLN002,2022-01-05,ACTIVE,SME,574
CUST0000020,Keith,Landry,1963-02-01,uhX-80-7154,ahancock@example.net,6038597703482,7109 Jennifer Inlet Apt. 861,Port Robin,SOUTH,60983,PLN001,2025-02-14,SUSPENDED,CONSUMER,517
CUST0000021,Eric,Cantu,2005-01-22,pDJ-48-4677,patrickweeks@example.net,1465840449972,755 Gibson Islands Apt. 396,Port Kimberly,WEST,06221,PLN006,2024-11-22,ACTIVE,SME,446
CUST0000022,Robin,James,1962-04-18,vgC-27-0289,foxstephen@example.net,6217459615865,091 Crystal Heights Apt. 161,South Garrettport,SOUTH,04295,PLN003,2024-01-08,ACTIVE,ENTERPRISE,569
CUST0000023,Kelly,Brooks,1943-10-15,klf-23-8692,pharvey@example.com,3747407482175,647 Gonzalez Lights Suite 136,Baileyport,WEST,03376,PLN006,2025-08-20,SUSPENDED,SME,670
CUST0000024,Joshua,Knight,2007-02-28,Zwo-09-7439,christinebyrd@example.net,1047095214562,85884 Jonathan Views,Coffeyport,SOUTH,98354,PLN002,2024-12-11,SUSPENDED,SME,393
CUST0000025,Taylor,Jones,1999-11-06,aqI-36-8516,gibsonemily@example.net,9651370985931,461 Brandon Camp Suite 711,New Derek,NORTH,59960,PLN001,2025-09-04,ACTIVE,CONSUMER,732
CUST0000026,Heather,Fernandez,1965-11-20,Arc-92-6179,jeff73@example.com,5850643171390,3293 Maria Plaza,New Jason,NORTH,31040,PLN005,2026-05-27,ACTIVE,SME,779
CUST0000027,Rachel,Smith,1963-01-01,Qbi-22-8421,howardkristina@example.net,0240268117758,8390 Ellis Burgs,South Melaniechester,EAST,90429,PLN005,2022-05-24,SUSPENDED,CONSUMER,417
CUST0000028,Scott,Lam,1948-01-01,NOL-59-2124,oscar98@example.com,8961183673657,1565 Brooks Drives Suite 111,South Colinstad,EAST,17555,PLN006,2025-03-20,CHURNED,CONSUMER,414
CUST0000029,Anna,Rivera,1978-06-29,Mtw-16-5604,lanejason@example.net,3158514936899,402 Park Inlet,Michaelburgh,WEST,19277,PLN003,2024-08-02,ACTIVE,SME,303
CUST0000030,Donald,Schultz,1979-03-03,Dvk-01-8366,larry59@example.net,0229014767976,81561 Gregory Ramp Suite 840,South Tracey,EAST,07681,PLN006,2023-08-29,SUSPENDED,CONSUMER,819
CUST0000031,Jason,Taylor,1941-03-07,VBl-44-5107,omarpadilla@example.net,1606071596966,60529 Collier Lake Apt. 613,Chapmanhaven,EAST,10809,PLN001,2023-03-01,CHURNED,ENTERPRISE,503
CUST0000032,Matthew,Cook,1967-07-28,mXw-21-8188,jessica23@example.org,4329212779979,527 Taylor Roads Suite 490,Williamport,EAST,61022,PLN002,2023-03-17,ACTIVE,ENTERPRISE,843
CUST0000033,Marie,Jones,1971-05-23,LJY-19-9867,colelisa@example.net,5978207151820,778 Michael Haven,Ortizmouth,EAST,89485,PLN001,2021-12-09,ACTIVE,CONSUMER,414
CUST0000034,Deborah,Jones,1981-04-25,jvf-18-6449,sabrinacollins@example.net,2914865281685,4235 Lee Dam,North Kenneth,EAST,13757,PLN003,2025-08-08,ACTIVE,CONSUMER,546
CUST0000035,Joanna,Rose,1975-03-08,klS-59-2962,jenniferwilliams@example.com,7947383473597,6886 Lisa Unions Apt. 407,Angelaville,NORTH,93745,PLN005,2024-05-09,ACTIVE,SME,370
CUST0000036,Justin,Hines,1998-03-07,oCw-47-8261,perryrandy@example.com,6153051522047,779 Rebecca Brook,Jasonberg,SOUTH,72433,PLN005,2025-11-29,ACTIVE,SME,469
CUST0000037,Rodney,Parsons,2004-08-05,OYN-34-1036,fbrown@example.net,8932460953962,518 Peter Mountains,Lake Paulstad,WEST,33747,PLN003,2024-09-12,ACTIVE,ENTERPRISE,505
CUST0000038,Carlos,Allen,1991-06-24,IvP-19-5205,mariacohen@example.net,2217043030548,740 Justin Wall Apt. 541,Samuelfurt,EAST,97927,PLN006,2023-06-11,ACTIVE,CONSUMER,748
CUST0000039,Matthew,Lopez,1970-07-24,fBM-75-8416,amymorris@example.org,4479627570596,016 Palmer Summit Apt. 029,Johnsonland,WEST,31433,PLN005,2026-06-09,ACTIVE,CONSUMER,530
CUST0000040,Patrick,Bradley,1993-08-06,WeK-92-7557,alyssasanders@example.net,3102786814473,731 Melissa Mission Apt. 715,Jennaside,EAST,71564,PLN001,2023-06-27,ACTIVE,ENTERPRISE,535
CUST0000041,Eric,Mckinney,1960-05-27,Yip-25-8313,jjohnson@example.net,7829114678669,51778 Anderson Village,Port Tammy,SOUTH,57205,PLN005,2023-02-26,ACTIVE,CONSUMER,360
CUST0000042,Marie,Holmes,1974-11-08,Hsf-42-2535,james84@example.org,9818299229959,10943 Montgomery Burgs,Smallside,NORTH,38468,PLN002,2025-12-30,ACTIVE,CONSUMER,372
CUST0000043,John,Aguirre,1984-04-23,CAE-64-7102,mharris@example.org,5562588153714,21046 Wright Way Apt. 595,Port Erik,SOUTH,67967,PLN005,2023-03-02,ACTIVE,SME,519
CUST0000044,Tyler,Davis,1972-05-27,wdd-68-7339,troy74@example.net,1624565060983,416 Duran Harbors Apt. 216,Lauramouth,SOUTH,73617,PLN005,2026-01-19,CHURNED,ENTERPRISE,784
CUST0000045,James,Hicks,2004-07-04,ZEH-80-0025,ghernandez@example.org,9526949588879,0551 Silva Underpass Apt. 974,Lake Brett,WEST,63474,PLN002,2025-06-06,ACTIVE,CONSUMER,396
CUST0000046,Christine,Randall,1952-04-03,bCu-23-0913,shernandez@example.org,8970283857865,8585 Bishop Fields,West Angela,WEST,29974,PLN001,2024-10-19,ACTIVE,SME,720
CUST0000047,Kellie,Bush,2004-09-05,shK-75-7584,zhuang@example.com,4041574733848,19933 Elizabeth Pines Apt. 301,Riverafort,NORTH,13679,PLN004,2026-07-26,CHURNED,CONSUMER,362
CUST0000048,Tamara,Spence,1986-12-24,usP-26-7734,velezchristopher@example.net,8026206724004,4788 Small Dale,Nelsonville,EAST,43844,PLN004,2022-05-06,ACTIVE,CONSUMER,496
CUST0000049,Jonathan,Lopez,1951-09-16,OzB-54-9329,christopher12@example.org,5304637454990,530 Steven Estate Suite 841,Michaelbury,WEST,29222,PLN002,2023-12-13,ACTIVE,SME,487
CUST0000050,Spencer,Zhang,2005-10-04,WpR-56-8783,foxallison@example.com,9108839822587,397 Rachel Mission,South Davidchester,WEST,60374,PLN003,2024-01-18,ACTIVE,CONSUMER,753
CUST0000051,Emily,Parker,1979-01-02,ecB-06-4039,isabella80@example.org,0462265676618,512 Rice Stream,Port Adam,NORTH,03480,PLN005,2024-06-13,ACTIVE,ENTERPRISE,315
CUST0000052,Jennifer,Coleman,2007-03-13,rmU-63-3752,johnsondonna@example.net,3311907903067,302 Young Street,Barbaramouth,SOUTH,31552,PLN001,2023-12-21,ACTIVE,SME,797
CUST0000053,Donna,Walker,1961-03-06,ORB-44-0892,wwilliams@example.net,8566246287334,0866 Paul Glens,West Deborah,SOUTH,59455,PLN004,2022-05-16,ACTIVE,CONSUMER,468
CUST0000054,Jenny,Lee,1998-04-07,mZW-46-9901,timothybooth@example.com,0331739363854,8544 Hunt Parks Suite 175,West Lawrence,NORTH,06493,PLN004,2022-02-12,ACTIVE,CONSUMER,765
CUST0000055,Dustin,Green,1978-11-29,voy-99-6423,victorpena@example.net,4777252287280,00623 Jasmine Branch,New Stephen,WEST,08424,PLN003,2022-10-06,CHURNED,ENTERPRISE,798
CUST0000056,Christina,Webb,1982-09-03,abH-70-0886,amanda40@example.net,2118233984546,6793 Kevin Views,Lake Victoriaton,SOUTH,12756,PLN002,2024-12-27,ACTIVE,CONSUMER,359
CUST0000057,Thomas,Walsh,1968-03-20,gHc-21-7659,jasonparrish@example.net,4014890250392,42939 Rhodes Plains Suite 621,Brianchester,NORTH,30928,PLN005,2023-07-17,CHURNED,CONSUMER,358
CUST0000058,Kayla,Friedman,1997-09-09,owJ-65-0477,rreynolds@example.net,1943114262655,04754 David Ferry,Coleside,WEST,67667,PLN001,2023-05-11,SUSPENDED,ENTERPRISE,461
CUST0000059,Michael,Davis,1968-05-28,yXf-95-6046,ashleyjackson@example.com,2444721264647,4379 Stephen Dale,Adamfurt,NORTH,44045,PLN001,2021-10-14,ACTIVE,CONSUMER,369
CUST0000060,Michelle,Alexander,1997-11-21,SmE-69-2459,gregory65@example.com,9356465193982,737 Guerra Cliff,Chambersberg,SOUTH,83513,PLN006,2023-07-22,ACTIVE,CONSUMER,552
CUST0000061,Eric,Henderson,1961-04-02,zIG-61-7979,ystephens@example.com,1352909656101,88899 Sean Lock Suite 982,Whitneyfort,NORTH,14204,PLN005,2022-12-02,SUSPENDED,CONSUMER,729
CUST0000062,Christopher,Guerra,1960-09-30,HEw-25-4573,udavis@example.net,5140105123828,8673 Soto Ferry,Fosterborough,EAST,59427,PLN006,2026-04-04,ACTIVE,CONSUMER,621
CUST0000063,Janet,Harris,1980-12-05,umD-19-1825,bakermichelle@example.net,9696915579249,251 Kevin Falls,Heatherhaven,EAST,51417,PLN002,2023-08-08,ACTIVE,CONSUMER,607
CUST0000064,Patrick,Lopez,1969-02-05,ilu-82-8274,wharvey@example.org,2368876767721,40438 Jackson Mount,Dunnville,EAST,75567,PLN004,2022-05-06,ACTIVE,CONSUMER,769
CUST0000065,Madeline,Richardson,1948-06-04,VPW-07-8361,kennethkidd@example.com,5171339596292,09584 Mario Squares,Keithview,NORTH,67926,PLN005,2025-07-13,ACTIVE,ENTERPRISE,518
CUST0000066,Cody,Estes,2007-09-03,jTu-60-4223,kathleenlowe@example.com,9466711684577,017 Horn Underpass Suite 363,Adamsport,EAST,44771,PLN005,2025-01-19,ACTIVE,CONSUMER,370
CUST0000067,Melissa,Kramer,1977-11-16,kCD-00-1701,braunronald@example.net,4241541520643,110 Thomas Curve Apt. 870,Lake Matthewville,EAST,55854,PLN002,2022-04-23,ACTIVE,CONSUMER,748
CUST0000068,Jeremy,Davis,1987-11-08,yXW-11-5542,darlenebyrd@example.org,9275326973112,656 Moody Gateway,Deannabury,EAST,73035,PLN005,2024-01-17,SUSPENDED,ENTERPRISE,308
CUST0000069,Justin,Pugh,1981-07-12,mVz-04-3898,debbie37@example.com,3791805526965,1091 Jose Canyon,Port Raymondport,EAST,82889,PLN006,2025-04-05,CHURNED,CONSUMER,437
CUST0000070,Rodney,Morales,1989-02-12,tfG-88-9241,terrimoore@example.com,9146303161799,2102 Frank Key,Garyberg,NORTH,98775,PLN003,2025-06-28,ACTIVE,ENTERPRISE,459
CUST0000071,Olivia,Wise,1993-10-10,qTK-05-6481,crawfordwilliam@example.org,9252419138000,75622 Angela Station,Walkerbury,EAST,55060,PLN003,2022-12-31,SUSPENDED,CONSUMER,651
CUST0000072,Margaret,Duncan,2002-12-09,cze-18-0238,xcline@example.com,1870534949375,83206 Jesse Key Apt. 506,Daltonhaven,EAST,31718,PLN002,2023-04-04,SUSPENDED,SME,557
CUST0000073,Teresa,Thomas,1969-03-16,SxD-41-0386,carpenterwilliam@example.net,1990623445655,3132 Eric Expressway Suite 756,New Michaelborough,NORTH,59734,PLN001,2026-06-18,CHURNED,SME,583
CUST0000074,David,Moore,1961-08-16,fTp-49-0352,randy04@example.com,0678831712100,36519 Lowery Club,North Jamesmouth,NORTH,17381,PLN001,2022-12-24,ACTIVE,CONSUMER,568
CUST0000075,Lisa,Martinez,1946-11-30,Fby-70-2966,nthompson@example.org,4720999347687,46263 Crystal Unions,South Kimberlystad,WEST,63374,PLN002,2025-11-22,SUSPENDED,SME,309
CUST0000076,Roberta,Shaw,1977-09-08,obZ-64-2059,brian78@example.com,2133480396522,559 Jade Knoll,New Stacy,NORTH,65018,PLN001,2024-01-30,CHURNED,CONSUMER,336
CUST0000077,Benjamin,Brown,1977-07-10,vNm-93-0870,matthewthompson@example.com,0292185156915,2267 Thompson Points Suite 392,Parkerport,SOUTH,17192,PLN003,2022-07-14,ACTIVE,CONSUMER,342
CUST0000078,Jacqueline,Berry,1952-09-28,oOK-90-2959,zunigadonald@example.net,3552157043315,00676 Nicole Park Suite 586,Port Timothyshire,EAST,85824,PLN003,2021-08-31,ACTIVE,CONSUMER,515
CUST0000079,Shannon,Lloyd,1992-03-21,evk-04-0541,emartin@example.net,5997062962015,68844 Young Causeway,Armstrongfort,SOUTH,20632,PLN006,2022-10-13,CHURNED,CONSUMER,662
CUST0000080,Christopher,Colon,1944-05-13,kOs-97-3103,wellsdarrell@example.com,7418625652704,4349 Edward Square Apt. 158,Arellanoshire,WEST,30321,PLN005,2021-09-03,SUSPENDED,CONSUMER,542
CUST0000081,Loretta,Barnes,1978-04-21,fzT-87-9374,shawrachel@example.net,1722332061632,1168 Arnold Walks Suite 870,Rodriguezberg,SOUTH,19925,PLN002,2025-11-10,ACTIVE,CONSUMER,483
CUST0000082,Tammie,Garcia,1979-03-10,Aqy-19-1485,earmstrong@example.org,4629960653074,54447 Teresa Forks Apt. 475,Jessicaland,EAST,25134,PLN006,2024-07-26,ACTIVE,CONSUMER,573
CUST0000083,Richard,Washington,1970-09-11,tTG-85-0821,htaylor@example.net,2330307053457,103 Burns Mission Apt. 798,Maxview,NORTH,98668,PLN002,2026-03-22,ACTIVE,CONSUMER,781
CUST0000084,Anthony,Williams,1997-02-27,PAG-93-3334,hancocktammy@example.net,7229034944665,3748 Silva Avenue Suite 899,Kennethville,SOUTH,63643,PLN002,2022-02-09,ACTIVE,CONSUMER,612
CUST0000085,Danielle,Hensley,1944-12-31,dZZ-44-3283,rguerrero@example.org,7446660993538,584 Mary Wells Apt. 417,Lake Jonathan,SOUTH,73774,PLN002,2026-08-06,ACTIVE,CONSUMER,708
CUST0000086,Erin,Rogers,1992-07-15,Yvx-13-5346,brenda71@example.com,9991738168460,35697 Leslie Stravenue,Port Christopher,EAST,44099,PLN003,2022-07-28,ACTIVE,CONSUMER,659
CUST0000087,Cynthia,Smith,1983-07-27,YWX-43-2927,andersonryan@example.com,6760083505830,335 Anderson Lights,Garyton,WEST,39586,PLN006,2022-07-16,CHURNED,ENTERPRISE,639
CUST0000088,Abigail,Warren,2005-02-25,kZz-62-5753,perezjessica@example.org,0982150648909,100 Robert Light,New Johnnyberg,NORTH,27435,PLN001,2023-12-08,ACTIVE,CONSUMER,571
CUST0000089,Kevin,Stanley,1987-12-07,gGU-84-9926,campbellkristen@example.com,9348356420873,3001 Mary Skyway Suite 218,Lake Jenniferview,NORTH,84955,PLN001,2024-10-21,SUSPENDED,SME,653
CUST0000090,Kenneth,Marshall,1956-05-18,BVh-12-0455,yorkpamela@example.org,2557941552166,6762 David Stream Apt. 216,Phammouth,EAST,24259,PLN006,2026-08-07,ACTIVE,ENTERPRISE,823
CUST0000091,Cheryl,Huffman,1982-03-25,ceq-27-7167,alexander89@example.net,5889163756289,28772 Karen Islands,West Tara,WEST,07100,PLN001,2025-07-20,SUSPENDED,CONSUMER,560
CUST0000092,Nicholas,Montoya,1975-02-17,FCu-17-7971,hooperjulie@example.org,6608801994883,5037 Castro River Suite 571,Port Donnatown,WEST,45243,PLN001,2024-05-29,ACTIVE,ENTERPRISE,501
CUST0000093,Lauren,Kelley,1964-10-22,TVU-51-0272,nrodriguez@example.org,1637351609177,0808 Roberson Orchard,Lake Beth,WEST,96248,PLN003,2024-10-28,ACTIVE,CONSUMER,621
CUST0000094,Diane,Obrien,1996-02-05,rzv-58-6693,shawn22@example.com,8583339452288,158 Aguilar Shores Suite 846,New Danielfurt,NORTH,19549,PLN006,2022-03-05,CHURNED,CONSUMER,819
CUST0000095,Joseph,Floyd,1944-04-07,WIc-44-2043,lisa19@example.net,8638406665800,97359 Kimberly Fields Suite 721,East Jill,WEST,16144,PLN003,2021-12-09,ACTIVE,SME,602
CUST0000096,Angela,Anderson,1966-04-23,cju-94-0572,ayalacolleen@example.net,7985158328182,861 Walker Forest Suite 554,Port Christine,SOUTH,62741,PLN005,2023-10-19,ACTIVE,SME,688
CUST0000097,Tina,Smith,2008-06-06,cRu-57-3993,hmoon@example.com,8408588770435,28801 Ellen Trail,Port Gina,SOUTH,14122,PLN006,2025-10-10,SUSPENDED,ENTERPRISE,608
CUST0000098,Natalie,Figueroa,1954-08-21,cfe-61-2075,thompsonjohnathan@example.org,4667665061809,901 Reilly Coves,Kristinport,NORTH,80004,PLN004,2025-10-19,ACTIVE,CONSUMER,515
CUST0000099,Samuel,Foster,1946-07-17,VzY-07-2832,susan24@example.net,0882100996881,53682 Jack Ridges Suite 312,Port Karenside,EAST,60959,PLN004,2025-06-25,ACTIVE,SME,752
CUST0000100,Emily,King,1984-06-30,QPp-39-7552,mitchellchad@example.org,7759492995562,3364 Taylor Street,Nataliemouth,SOUTH,58874,PLN006,2022-01-08,SUSPENDED,SME,473
CUST0000101,Andrea,Thompson,1965-01-20,qUO-91-4283,lunapatricia@example.net,9969308488725,94278 Randy Parkway Apt. 392,South Erik,NORTH,74734,PLN006,2023-03-08,ACTIVE,ENTERPRISE,643
CUST0000102,Tammy,Fitzgerald,2005-03-04,eqx-75-0373,bradclark@example.com,7700518449892,659 Zachary Lane Apt. 865,Tommyfort,SOUTH,79696,PLN001,2024-12-14,CHURNED,CONSUMER,530
CUST0000103,Scott,Hall,1941-02-08,xMT-84-3222,guerrerorobert@example.com,7773926030299,80920 Jonathan Falls,Greeneshire,SOUTH,84075,PLN002,2026-01-24,ACTIVE,CONSUMER,550
CUST0000104,Dorothy,Campbell,1941-12-04,koA-13-7977,laurahoover@example.org,2579913662103,91279 Natalie Place Apt. 172,Port Erikachester,NORTH,68926,PLN004,2025-04-02,ACTIVE,SME,499
CUST0000105,Heidi,Patterson,1969-04-07,Biq-76-5991,fcannon@example.com,4300981806356,26944 Cunningham Ridge Suite 636,Whiteside,WEST,73234,PLN006,2026-01-11,ACTIVE,SME,549
CUST0000106,Becky,Schroeder,1973-07-22,gnG-62-1372,zhartman@example.net,2601279611435,066 Dawson Ranch,Port Lorifort,NORTH,58037,PLN002,2026-08-07,ACTIVE,SME,524
CUST0000107,Sarah,Holmes,1941-05-22,NkR-30-9883,warddiana@example.org,4656693801184,4393 Spears Ports Apt. 426,New Charlesport,WEST,45061,PLN002,2025-11-28,ACTIVE,ENTERPRISE,555
CUST0000108,Sue,Walter,2005-01-21,XpW-94-7697,susan77@example.net,7141633565880,41651 Thomas Knoll Apt. 942,South Jillian,WEST,31284,PLN001,2025-09-02,ACTIVE,SME,843
CUST0000109,Jamie,Harris,1990-09-01,fRQ-39-5211,waustin@example.net,7595794728463,86780 Long Spur,South Tiffany,EAST,92021,PLN005,2026-01-07,ACTIVE,ENTERPRISE,816
CUST0000110,Alan,Craig,1975-11-24,qlJ-69-1559,joel79@example.com,2763655647292,43866 Dustin Streets,South Linda,WEST,23649,PLN004,2023-03-27,ACTIVE,SME,760
CUST0000111,Patricia,Mccoy,1969-04-28,Kdz-85-7448,vaughnbrian@example.com,1754558845061,939 Tiffany Haven Suite 587,Prestonfurt,SOUTH,80935,PLN003,2022-04-30,CHURNED,CONSUMER,833
CUST0000112,Duane,Jackson,1960-02-22,fkv-56-9961,lawrencedelgado@example.net,9647598762202,413 Randy Court,South Amytown,SOUTH,52538,PLN004,2024-10-24,ACTIVE,SME,379
CUST0000113,Dalton,Montgomery,1976-04-16,COi-16-4334,alisonjackson@example.org,5778487282997,845 Fernandez Valley Apt. 745,Greenport,EAST,01884,PLN006,2026-08-20,ACTIVE,CONSUMER,643
CUST0000114,Melanie,Cooper,1940-08-31,aXB-78-0774,carla08@example.com,6866326634163,8463 Ian Highway Apt. 797,Jackiefort,NORTH,25114,PLN003,2025-09-24,ACTIVE,CONSUMER,536
CUST0000115,Tara,Johnson,1962-06-18,ofj-14-4270,snydermatthew@example.com,5705120461872,6013 Wise Mills,Lake Virginia,SOUTH,26607,PLN004,2022-06-01,CHURNED,CONSUMER,365
CUST0000116,Adriana,Hendrix,1971-12-30,VJH-76-4520,kingdanielle@example.org,0313650249163,97925 John Parks,Lake Christineton,WEST,08335,PLN004,2025-07-05,ACTIVE,ENTERPRISE,777
CUST0000117,Amanda,Rodriguez,1964-10-31,Umb-73-5857,ihoward@example.com,7784873928557,821 Shannon Viaduct Suite 857,Port Danafurt,NORTH,96662,PLN004,2022-06-05,ACTIVE,SME,698
CUST0000118,Melissa,Parsons,1953-04-11,HRF-35-1863,chloemorris@example.net,1181022031731,678 Williams Forges,North Sarahborough,NORTH,86451,PLN005,2021-10-01,SUSPENDED,SME,788
CUST0000119,Christopher,Owen,1974-01-28,NrH-05-8650,navarromary@example.org,8113863383928,195 Park Meadow Apt. 228,Wagnerburgh,EAST,70480,PLN001,2026-02-07,ACTIVE,SME,729
CUST0000120,Michael,Edwards,2008-07-21,pKI-55-6659,nicholaspierce@example.net,5776004908240,35048 Clinton Mount Suite 224,Pamelabury,SOUTH,31040,PLN005,2023-11-14,ACTIVE,CONSUMER,579
CUST0000121,Ashley,Carroll,1958-01-31,SSK-31-5727,larsonkevin@example.net,1055661390604,8925 Eric Spring,Maddoxshire,WEST,66656,PLN004,2023-02-27,ACTIVE,SME,644
CUST0000122,Kristie,Hernandez,1946-10-14,zqf-51-7908,xshaw@example.net,2783769389833,6591 Emily Manors,Michaelmouth,WEST,45658,PLN006,2023-10-25,CHURNED,CONSUMER,778
CUST0000123,Kevin,Huerta,1981-01-16,omR-97-9270,eric11@example.net,3924051477053,88487 Heather Skyway,South Brandyhaven,NORTH,06200,PLN002,2021-10-11,ACTIVE,ENTERPRISE,327
CUST0000124,James,Horton,1958-01-11,QrQ-40-7016,michelle04@example.net,3681579812387,38457 Garner Brook,Gabriellestad,WEST,82451,PLN001,2021-12-15,ACTIVE,SME,486
CUST0000125,Tiffany,Hill,1961-03-20,ojv-04-6084,fsandoval@example.net,8936392649578,29832 Barker Pine,South Wendy,EAST,19526,PLN001,2026-08-20,ACTIVE,CONSUMER,516
CUST0000126,Eric,Jones,1985-04-13,WuA-81-2520,vturner@example.net,2312209949993,05172 Joseph Landing,Port Paul,EAST,62609,PLN004,2024-06-24,ACTIVE,SME,584
CUST0000127,Antonio,Duran,1950-01-04,elC-04-6333,dwatts@example.org,6096569998808,7038 Terrell Canyon,Blackton,EAST,25385,PLN004,2022-08-15,ACTIVE,SME,319
CUST0000128,Kevin,Carey,1960-06-17,SHj-72-6490,cgallegos@example.org,2982665702793,45211 Jasmin Roads Suite 186,South Andrea,NORTH,06255,PLN006,2023-08-24,ACTIVE,CONSUMER,370
CUST0000129,Ariana,Keller,1992-11-25,ttU-22-2206,lroberts@example.org,3094077780973,776 Miller Rapid,East Nicoleview,NORTH,81734,PLN006,2026-03-20,ACTIVE,CONSUMER,504
CUST0000130,Jared,Lopez,1983-05-29,Mtv-05-0209,williamsrobert@example.org,4999827950145,1681 Ruiz Crossing Suite 586,Lake Jason,SOUTH,08127,PLN001,2025-10-03,ACTIVE,CONSUMER,784
CUST0000131,Cristina,Benitez,1948-02-03,qHK-79-4695,sara99@example.com,7293430107139,0558 Alex Flats Suite 414,Williammouth,NORTH,01304,PLN006,2025-04-21,SUSPENDED,CONSUMER,776
CUST0000132,Randy,Carroll,1948-05-26,EZc-02-3557,timothyburton@example.net,7608495880395,24056 Ashley Loaf Apt. 914,Jenniferview,EAST,54747,PLN006,2023-04-28,ACTIVE,CONSUMER,417
CUST0000133,Nathan,Gallegos,1946-07-24,xYc-43-8421,robinwallace@example.org,8235784521823,6810 Randolph Spur,West Steventon,EAST,14014,PLN002,2026-01-15,ACTIVE,ENTERPRISE,326
CUST0000134,Larry,Lane,1976-01-22,rIu-43-5334,rlambert@example.org,4109881385854,493 Charles Ridge,Amberton,WEST,17550,PLN003,2024-12-13,ACTIVE,CONSUMER,377
CUST0000135,Brent,Reyes,1942-08-19,OSS-16-6299,tjensen@example.com,8179217174773,94562 Mccormick Islands,Freemanland,SOUTH,62804,PLN005,2026-03-04,ACTIVE,CONSUMER,423
CUST0000136,Megan,Campbell,1948-05-02,zTY-59-9281,nguyendebra@example.com,6963938276153,9583 Elaine Club Suite 199,Nguyenville,NORTH,58856,PLN005,2024-01-19,ACTIVE,ENTERPRISE,738
CUST0000137,Chad,Rodriguez,1952-08-21,niL-96-5701,shermandonna@example.com,6997335494651,862 Brown Plaza,North Jacquelinestad,EAST,14879,PLN006,2026-06-08,ACTIVE,ENTERPRISE,649
CUST0000138,Joe,Park,1999-03-23,InQ-65-6666,thomaslopez@example.com,6242201027621,679 Hanson Motorway,Arnoldmouth,WEST,50926,PLN001,2025-12-25,ACTIVE,CONSUMER,743
CUST0000139,Cassandra,Lane,1964-10-26,xcc-38-4689,hbush@example.net,1284781891371,058 Taylor Passage Suite 956,Susanport,WEST,38408,PLN003,2022-08-02,CHURNED,CONSUMER,745
CUST0000140,Carla,Torres,1952-01-19,KdQ-94-0792,lisa90@example.com,1281442944401,275 Jose Squares,South Henry,EAST,69626,PLN002,2025-02-17,SUSPENDED,ENTERPRISE,795
CUST0000141,Christopher,Thomas,1999-04-11,UOk-27-6637,beckywilkinson@example.org,1027674783667,86047 Gregory Pines Apt. 185,Bishopview,WEST,44405,PLN004,2023-05-16,CHURNED,ENTERPRISE,574
CUST0000142,Jonathan,Silva,1959-01-16,RSl-73-9385,amy01@example.org,1817534430091,391 Christopher Rapids,South Diana,SOUTH,85423,PLN003,2025-09-01,ACTIVE,CONSUMER,761
CUST0000143,Paula,Dominguez,1979-02-25,XBS-44-7174,jonathan14@example.org,6504427173962,28639 Rita Stravenue Suite 101,New Jessicamouth,WEST,02960,PLN002,2026-06-29,SUSPENDED,ENTERPRISE,688
CUST0000144,Danielle,Fitzpatrick,2001-08-15,aGT-64-2569,zmendoza@example.net,8306719855460,8517 Holland Fall,South Donnaport,NORTH,91711,PLN003,2022-05-26,ACTIVE,CONSUMER,486
CUST0000145,Haley,Tucker,1967-03-10,ULp-73-2030,yprice@example.net,7870050506138,829 Sandy Camp Apt. 707,East Jacquelineberg,SOUTH,02383,PLN004,2022-03-10,ACTIVE,CONSUMER,648
CUST0000146,Kyle,Leon,1952-05-16,hFM-79-2911,bryanharris@example.com,5198253092511,62582 Sanchez Prairie Apt. 219,Stricklandtown,EAST,64328,PLN003,2021-11-27,SUSPENDED,CONSUMER,829
CUST0000147,Sara,Mann,1946-02-23,jOr-94-6723,ljenkins@example.net,9279145608331,588 Steven Road,West Brian,NORTH,15270,PLN002,2021-09-10,ACTIVE,SME,800
CUST0000148,Tanya,Wells,1994-10-30,nBq-22-0054,christina70@example.org,8220781137995,53153 Joel Loop Apt. 631,Richardston,SOUTH,57630,PLN005,2025-01-30,CHURNED,SME,802
CUST0000149,Spencer,Hughes,1950-07-07,vic-27-3543,ramirezdaniel@example.com,6253492929831,739 Hood Harbors Apt. 633,Ryanbury,NORTH,78065,PLN004,2026-04-18,ACTIVE,CONSUMER,526
CUST0000150,Rachel,Butler,2005-01-02,HzE-00-7806,chavezjohn@example.net,6325431074279,7262 Sims Squares,Port Courtneyfurt,SOUTH,91039,PLN004,2026-03-23,ACTIVE,ENTERPRISE,677
CUST0000151,Ronald,Nelson,1963-04-19,vVd-98-9319,pamela16@example.com,9055281832538,793 Luke Grove,Ramirezland,EAST,49366,PLN004,2021-10-26,ACTIVE,ENTERPRISE,638
CUST0000152,Alisha,Martinez,1964-02-19,ZRS-88-4795,lopeznicole@example.org,6241124127238,6827 Fisher Street,West Jaimetown,WEST,30952,PLN003,2024-02-01,ACTIVE,CONSUMER,557
CUST0000153,Matthew,Lane,1997-06-08,DtK-57-9887,rachelparker@example.com,7540254729284,22310 Andrews Mill,Mikeborough,NORTH,74227,PLN002,2024-04-02,CHURNED,CONSUMER,623
CUST0000154,Tiffany,Hernandez,1988-09-29,bzF-78-2841,staciereilly@example.org,8854749297517,81406 Sean Course,Brianborough,SOUTH,76972,PLN001,2024-12-25,ACTIVE,CONSUMER,795
CUST0000155,Katie,Gonzalez,1976-06-16,mFu-18-7186,kerrmichael@example.org,5650455478137,4266 Mary Rapid Apt. 234,Mcneilhaven,EAST,44464,PLN003,2025-07-24,ACTIVE,CONSUMER,603
CUST0000156,Katelyn,Davis,1945-02-26,TKW-64-6287,jamescollier@example.com,0494787300244,46273 David Harbor Suite 195,Cunninghamview,EAST,82813,PLN002,2026-06-16,ACTIVE,CONSUMER,314
CUST0000157,Loretta,Brooks,1987-04-21,juD-90-4290,michaelbrown@example.com,5044818321928,4451 Morrow Bridge Apt. 845,Jenkinsburgh,SOUTH,13925,PLN006,2026-07-11,ACTIVE,CONSUMER,355
CUST0000158,Marie,Pope,1955-06-23,ADe-89-8881,fuentessandra@example.com,4527985240132,342 David Common,Vazquezville,EAST,10689,PLN005,2024-03-04,CHURNED,CONSUMER,802
CUST0000159,Ryan,Gonzalez,1941-12-09,qce-08-9071,elizabeth11@example.net,9325012495528,911 Allison Stravenue,West George,NORTH,99331,PLN001,2024-01-29,SUSPENDED,CONSUMER,780
CUST0000160,Corey,Lewis,1977-03-08,Rgl-87-5927,tina63@example.net,6151718275480,7164 Burke Inlet,Perezchester,WEST,38589,PLN004,2026-07-10,ACTIVE,CONSUMER,352
CUST0000161,Melissa,Jacobson,2007-08-21,zCH-75-2071,wilsonralph@example.net,2153539613674,657 Archer Pass Suite 271,West Tracybury,WEST,82862,PLN003,2023-10-18,ACTIVE,CONSUMER,710
CUST0000162,Joan,Greer,2004-09-28,jtN-70-2695,wolfdonna@example.net,7347784858800,67567 Johnson Fall Suite 276,West Jennifer,NORTH,64392,PLN004,2021-10-21,SUSPENDED,CONSUMER,455
CUST0000163,Tracy,Spencer,1992-08-11,Gdz-89-7782,troy69@example.net,4500902559056,5565 Donna Gateway,Lake Larry,EAST,11634,PLN002,2024-07-01,ACTIVE,CONSUMER,421
CUST0000164,Kevin,Morgan,2002-07-26,KGA-08-5076,andrew79@example.org,6965917135785,456 Tyler Vista,Port Melissaborough,WEST,38165,PLN005,2021-12-25,SUSPENDED,ENTERPRISE,531
CUST0000165,Ashley,Ballard,1958-09-09,reK-91-9195,wsimmons@example.org,8468536649878,82973 Adams Route,Michaelton,WEST,68955,PLN005,2023-02-21,ACTIVE,SME,604
CUST0000166,John,Francis,1954-04-21,Ars-46-6513,jonathanburke@example.com,1230347786603,2044 Dawn Canyon,Caseyton,WEST,11501,PLN005,2023-12-20,ACTIVE,ENTERPRISE,361
CUST0000167,Bryce,Friedman,1962-01-02,KVG-51-6231,boydmaria@example.net,7139155963632,34764 Tracy Landing,West Amyfort,NORTH,89988,PLN005,2023-02-23,ACTIVE,CONSUMER,570
CUST0000168,Kristen,Thomas,1957-05-30,VQZ-75-4090,vazquezkristina@example.org,8645183760644,43275 Mccormick Harbor,Port Kimberlyfort,NORTH,62247,PLN006,2023-01-17,ACTIVE,CONSUMER,477
CUST0000169,Marvin,Henderson,1990-10-09,AMU-12-4815,shawn00@example.net,7206345911238,657 Russo Dale,Glennshire,NORTH,43437,PLN005,2026-04-15,ACTIVE,CONSUMER,718
CUST0000170,Robert,White,1995-01-10,PNO-69-3008,rebeccamccann@example.org,2069694215291,867 Wilson Station,East Sophia,WEST,35392,PLN004,2022-08-25,ACTIVE,CONSUMER,537
CUST0000171,David,Gates,1960-03-29,AYj-93-4362,robertsjose@example.net,3597107256366,18005 Thomas Knoll Apt. 048,Turnerfurt,EAST,88484,PLN003,2024-02-16,CHURNED,SME,372
CUST0000172,Anita,Carpenter,1965-11-18,ifu-42-8757,hthomas@example.com,2745644948562,728 Brown Drive Apt. 320,Greenmouth,SOUTH,57704,PLN006,2026-06-30,ACTIVE,ENTERPRISE,502
CUST0000173,Troy,Alexander,1948-07-19,hwf-87-7712,mirandawhite@example.org,9939089261371,41659 Mary Drives Apt. 177,Fullerview,NORTH,78384,PLN004,2026-02-17,SUSPENDED,CONSUMER,452
CUST0000174,Bradley,Dean,1985-05-27,ZPs-75-9230,lauren18@example.net,1642361032664,47649 Michael Court,Williamfort,SOUTH,58886,PLN003,2023-04-21,ACTIVE,CONSUMER,469
CUST0000175,Anna,Henderson,2000-11-13,fcG-65-9266,teresa32@example.com,4761742243864,108 William Loop,South Donnashire,EAST,33712,PLN003,2024-01-14,ACTIVE,CONSUMER,779
CUST0000176,Kayla,Smith,1964-10-30,ATt-72-2601,brenda77@example.net,5232194168006,27769 Turner Via,Hannahfurt,EAST,40170,PLN006,2024-08-01,CHURNED,SME,578
CUST0000177,James,Cabrera,1946-08-14,BOY-30-3723,christophercarrillo@example.org,6012277707933,605 Curtis Vista Suite 679,Benjaminfurt,WEST,64215,PLN005,2022-05-01,ACTIVE,CONSUMER,340
CUST0000178,Savannah,Stein,1975-07-27,KuJ-73-0806,adamsdeborah@example.com,7957602437573,597 Nicole Stream,Moyerstad,EAST,62409,PLN004,2025-04-12,SUSPENDED,CONSUMER,326
CUST0000179,Christy,Campbell,1995-01-16,MFg-17-2232,fhahn@example.com,3800545228015,93183 Scott Junctions Suite 084,Port Hannah,SOUTH,68053,PLN001,2025-11-17,CHURNED,ENTERPRISE,321
CUST0000180,Brent,Shah,1981-10-01,JcG-71-1991,jacksondavid@example.org,2478712552137,37548 Christopher Landing Suite 532,Cobbberg,EAST,56707,PLN006,2022-03-06,SUSPENDED,CONSUMER,479
CUST0000181,Stephen,Phelps,1968-10-08,efv-50-7208,richard26@example.org,0290846684550,926 Schneider Plains Suite 563,Christopherside,WEST,44343,PLN004,2023-09-14,ACTIVE,CONSUMER,746
CUST0000182,Nichole,Meyer,1967-03-07,tHv-84-3188,andrewzamora@example.net,3468105485101,9075 Linda Prairie Apt. 544,Lake Nicholas,WEST,97168,PLN006,2025-04-01,ACTIVE,SME,656
CUST0000183,Brandi,Carson,1957-07-01,ffd-57-1266,ebeasley@example.org,1586988649767,622 Todd Mount Apt. 881,South Thomas,EAST,98345,PLN004,2023-04-18,ACTIVE,CONSUMER,464
CUST0000184,Sandra,Wilson,1951-04-29,cHj-61-1594,watsonvickie@example.com,7022960443270,510 Olson Inlet,Mcculloughfurt,WEST,62790,PLN003,2024-06-13,CHURNED,SME,595
CUST0000185,Dean,Taylor,1997-05-27,ZNQ-77-7251,zhughes@example.com,7412094818139,837 David Place,North Joshua,WEST,27476,PLN006,2025-10-28,SUSPENDED,CONSUMER,765
CUST0000186,Pam,Wallace,1957-05-04,Fbv-89-5690,bwhite@example.net,6411182422412,2095 Anthony Centers Suite 615,South Patricia,EAST,34308,PLN001,2025-03-08,ACTIVE,CONSUMER,418
CUST0000187,David,Harris,1966-03-12,yhr-99-3788,floresangela@example.org,0630489138249,1832 Fernandez Extension Apt. 868,Williamsmouth,NORTH,81861,PLN004,2025-10-17,CHURNED,ENTERPRISE,773
CUST0000188,Aaron,Mahoney,1960-04-30,OnL-74-9465,brandon89@example.org,1612846398554,3553 Haley Isle Apt. 209,Smithtown,NORTH,88673,PLN004,2026-07-08,ACTIVE,ENTERPRISE,670
CUST0000189,Heather,Burns,1952-06-17,QCR-68-1180,gomezlisa@example.net,6201753703045,94337 Johnson Park,North James,WEST,84182,PLN005,2024-06-07,CHURNED,SME,352
CUST0000190,Ashley,Snyder,1967-08-05,eLi-83-9992,andersonsarah@example.org,3089487060566,87758 Nicole Fork Apt. 468,Stewartfurt,EAST,26008,PLN002,2026-01-02,SUSPENDED,CONSUMER,594
CUST0000191,Lindsey,Mooney,1963-06-03,vte-36-1332,johnsonryan@example.org,4317350583199,79110 Nicholas Vista Apt. 207,West Cherylchester,WEST,09124,PLN004,2026-01-21,ACTIVE,CONSUMER,545
CUST0000192,Brett,Horn,1947-08-02,YQN-61-9639,chavezsteven@example.com,5078593110919,284 Fisher Stream,Lopezberg,SOUTH,06277,PLN006,2021-12-07,ACTIVE,ENTERPRISE,314
CUST0000193,Ryan,Moyer,1944-10-09,EtM-54-9822,kelly08@example.net,0388065333153,795 Jensen Manor Suite 217,South Jeffreytown,WEST,84225,PLN005,2023-03-20,ACTIVE,CONSUMER,416
CUST0000194,Claire,Allen,1955-10-29,xae-56-3620,anthony12@example.com,3950033423425,30241 Marie Dam,Penaville,NORTH,44853,PLN004,2022-10-22,CHURNED,CONSUMER,810
CUST0000195,John,Pacheco,2004-04-25,jiY-28-9611,jamesgray@example.com,9630993842530,89731 Gibbs Ridges Apt. 286,Victormouth,EAST,23962,PLN006,2023-03-08,SUSPENDED,CONSUMER,725
CUST0000196,Heather,Baldwin,1962-07-18,Pcn-77-4969,patriciahayes@example.org,3466925481214,539 Steven Road Suite 677,Ortizfort,WEST,42053,PLN004,2023-07-11,ACTIVE,SME,448
CUST0000197,Scott,Baker,1959-03-23,IPf-15-1488,sara11@example.org,0835354443928,44566 Thomas Passage Apt. 633,South Jesus,SOUTH,77440,PLN004,2021-10-12,SUSPENDED,ENTERPRISE,439
CUST0000198,Jennifer,Murray,1994-02-08,CCJ-15-3663,brooksbarbara@example.org,0755366684590,25999 Baird Ford,Brownfurt,EAST,25186,PLN001,2025-06-11,ACTIVE,CONSUMER,819
CUST0000199,Suzanne,Fowler,1972-12-11,cSM-41-2182,mjohnson@example.org,4334817058025,2128 Mendoza Cliff Suite 323,Ryanfort,NORTH,21312,PLN003,2023-04-20,ACTIVE,CONSUMER,801
CUST0000200,Briana,Shaw,1981-09-17,ezM-74-3027,aliciakent@example.com,7901475469263,676 Holly Court,Haleton,WEST,31918,PLN002,2026-05-08,SUSPENDED,SME,653
CUST0000201,Nicole,Medina,2000-11-16,xeW-13-7681,gordonkimberly@example.com,2438070176563,04125 Washington Cliff Apt. 837,South Lori,WEST,21651,PLN003,2022-06-12,ACTIVE,CONSUMER,493
CUST0000202,Craig,Phillips,1952-04-04,jCw-86-2104,jayjohnson@example.net,7081647090063,3310 Johnson Bridge,Loriland,SOUTH,29411,PLN006,2021-09-29,SUSPENDED,SME,539
CUST0000203,Mary,Beck,2005-11-08,uJO-20-6815,colleenvilla@example.com,1331552065063,14950 Nicole Loop Suite 971,West Susan,NORTH,79126,PLN004,2022-02-20,ACTIVE,SME,690
CUST0000204,Paul,Middleton,1962-09-18,vbM-25-2571,oreyes@example.net,8903091436391,57432 Harris Camp,Lake Carly,SOUTH,58661,PLN004,2024-10-22,ACTIVE,CONSUMER,429
CUST0000205,Joshua,Schneider,1990-12-05,Uvv-08-6403,jamiebrown@example.net,3968527017130,21298 Joel Common,Hardyport,EAST,22017,PLN005,2023-04-20,ACTIVE,SME,402
CUST0000206,Gregory,Wright,1989-09-25,fxz-49-7347,cjackson@example.com,2706614982824,4746 Jones Dale Suite 323,North Michellestad,WEST,64916,PLN005,2022-11-18,ACTIVE,CONSUMER,719
CUST0000207,Ralph,Harmon,1968-03-02,chy-67-4916,jamesgraham@example.com,8750663370502,724 Carrie Shore Apt. 011,Sandersshire,SOUTH,11032,PLN006,2023-09-26,ACTIVE,SME,571
CUST0000208,Rodney,Gallegos,1975-12-02,tUA-44-8869,rodriguezashley@example.com,4364027011686,622 Lopez Dale Apt. 728,South Ashleyborough,WEST,24832,PLN003,2022-08-07,CHURNED,CONSUMER,636
CUST0000209,Lisa,Lee,1954-04-28,sfy-67-9121,hillmatthew@example.net,7710040901380,847 Sherman Rapids Suite 555,Lisastad,WEST,87674,PLN006,2025-05-28,ACTIVE,SME,336
CUST0000210,Theresa,Marks,1967-10-03,MhH-10-7620,stephanie35@example.com,8630505057397,915 Crosby Mountains Apt. 649,Lake Douglas,NORTH,68665,PLN005,2024-09-16,ACTIVE,CONSUMER,532
CUST0000211,Jennifer,Johnson,2000-03-30,ChE-71-4872,johnjackson@example.net,1602564347128,53991 Bennett Stravenue Suite 863,West Darrell,NORTH,11993,PLN006,2025-07-31,ACTIVE,CONSUMER,402
CUST0000212,Brittany,Lopez,1948-03-26,KVa-19-5256,bryan83@example.com,5528993160875,3772 Thomas Shores,New Lukehaven,SOUTH,90757,PLN004,2023-05-11,CHURNED,CONSUMER,329
CUST0000213,Jasmine,Mendoza,1949-01-20,jTn-37-4605,isabellawilliams@example.org,6420865675661,3861 Marcus Turnpike Apt. 472,South Heather,EAST,38653,PLN001,2026-08-22,ACTIVE,CONSUMER,667
CUST0000214,Linda,Gonzalez,2001-09-02,BRk-05-9126,davisterri@example.org,1859626301367,926 Kimberly Way Suite 475,North Darrylville,WEST,64623,PLN003,2022-09-15,ACTIVE,CONSUMER,843
CUST0000215,Jeffrey,Matthews,1984-04-10,yEP-97-4192,ievans@example.org,1826068887189,12920 Mcbride Crossing,East Baileyburgh,SOUTH,12011,PLN004,2026-03-13,ACTIVE,CONSUMER,380
CUST0000216,Austin,Whitney,1978-11-28,Qap-84-5826,brandon84@example.net,2975859883103,24329 Brittany Harbors,Lake Cindy,WEST,10247,PLN005,2025-11-29,SUSPENDED,CONSUMER,809
CUST0000217,Debra,Martin,1978-01-18,neO-71-4628,wanda35@example.net,6256609314181,51554 Misty Fork Suite 016,South Stephanie,SOUTH,16688,PLN005,2022-12-16,ACTIVE,SME,560
CUST0000218,Kristopher,Nicholson,1952-08-10,JrM-71-8594,mosleygeorge@example.com,5889679240822,9405 Erika Manor,Whitestad,EAST,61929,PLN004,2025-04-18,CHURNED,CONSUMER,776
CUST0000219,Ronald,David,1974-10-23,fOf-34-1465,blairshirley@example.org,1487068277881,93068 Sanchez Streets Apt. 972,East Charles,SOUTH,17975,PLN003,2023-01-13,ACTIVE,SME,653
CUST0000220,Roberto,Gray,1975-08-04,stE-51-5381,joseph09@example.com,4807970509754,05265 Craig Overpass Apt. 188,South David,EAST,64387,PLN005,2026-06-02,CHURNED,SME,556
CUST0000221,John,Ruiz,1941-02-16,Zrg-54-5628,cdouglas@example.org,5605313402665,37416 Pierce Union,West Karen,EAST,52913,PLN004,2025-07-03,ACTIVE,SME,794
CUST0000222,Megan,Price,1974-10-14,GaX-11-0225,brettgallegos@example.com,6744716392823,43637 Jacqueline Parkway Apt. 392,North David,SOUTH,05529,PLN001,2026-04-10,ACTIVE,ENTERPRISE,667
CUST0000223,Dustin,Smith,1959-04-13,tSO-31-0668,jeffreysimmons@example.org,0414545635020,53474 Ryan Glen,Coxport,EAST,15119,PLN005,2022-08-13,CHURNED,CONSUMER,322
CUST0000224,Andrea,Atkins,1947-04-01,xpP-55-5989,jason61@example.org,9109337118954,82023 Pierce Glen Suite 571,Joneschester,WEST,69151,PLN006,2021-09-21,ACTIVE,CONSUMER,350
CUST0000225,Andrew,Greene,2003-12-28,VzF-24-0903,martinkaren@example.com,6943202939087,3448 George Cape Apt. 402,Saraview,WEST,07253,PLN005,2024-03-05,ACTIVE,CONSUMER,660
CUST0000226,Madeline,Nichols,1984-05-05,TJq-05-9551,rickycarr@example.com,0534240891649,3543 Moore Fort,Richardsonfort,SOUTH,12781,PLN002,2022-11-25,SUSPENDED,CONSUMER,440
CUST0000227,Lisa,Thompson,1974-05-21,klz-97-2404,chadjones@example.org,6182091660100,14290 Susan Coves,Melissaland,NORTH,27019,PLN006,2023-12-14,CHURNED,CONSUMER,616
CUST0000228,Patricia,Ochoa,1950-02-16,ISr-45-7230,smithbradley@example.net,1862030366254,617 Vicki Fork,West Michaelmouth,NORTH,16013,PLN004,2025-06-15,SUSPENDED,CONSUMER,434
CUST0000229,Christopher,Williams,1965-03-04,lRB-22-6859,patriciamcdaniel@example.net,5147541022526,711 Moyer Harbors Apt. 152,Port Paul,EAST,42354,PLN001,2026-04-12,ACTIVE,SME,479
CUST0000230,Teresa,Guzman,1974-04-07,FII-52-3668,opatel@example.com,9689313503058,10552 Stevens Village Suite 333,Lake Devinberg,SOUTH,49975,PLN002,2024-01-23,SUSPENDED,CONSUMER,843
CUST0000231,Roger,Brown,1990-07-05,bjx-19-1792,christianjones@example.net,2272847657041,09282 Randy Manors,Spencerview,EAST,75482,PLN005,2025-02-19,ACTIVE,CONSUMER,793
CUST0000232,Rodney,Moore,1974-10-15,Ndo-18-6236,vwhite@example.net,7756620563411,9503 Martin Coves,East Carlaport,EAST,25108,PLN003,2025-03-15,ACTIVE,SME,377
CUST0000233,Antonio,Adams,1978-03-05,duf-99-0970,alan54@example.com,5652156818209,9042 Faith Common Apt. 332,New Zachary,SOUTH,96015,PLN002,2024-11-05,CHURNED,SME,674
CUST0000234,Kayla,West,1982-01-20,cTX-25-4596,nallen@example.net,2971024817175,2149 Gomez Cliffs,Lake Kelsey,WEST,34310,PLN001,2024-04-09,ACTIVE,CONSUMER,849
CUST0000235,Kathryn,Ramos,2007-09-19,szA-21-9705,scotthunt@example.net,5168740903802,6296 Jeffrey Well,Caldwellstad,WEST,61564,PLN001,2026-07-19,ACTIVE,CONSUMER,690
CUST0000236,Loretta,Rodriguez,1972-07-07,veu-21-6636,wendy73@example.net,1470827235909,56730 Miranda Trace Suite 442,East Chadfurt,EAST,11210,PLN006,2024-05-01,ACTIVE,CONSUMER,782
CUST0000237,Monica,Warren,1960-12-11,Wtk-42-0165,michaelbarnes@example.com,6596089319925,27275 Laura Spring Suite 480,Hardingberg,EAST,83639,PLN001,2025-03-20,SUSPENDED,CONSUMER,364
CUST0000238,Connor,Robinson,1971-03-19,nwn-36-8296,teresaray@example.org,5044817766558,512 Patterson Fall Apt. 866,Meganchester,WEST,83614,PLN006,2026-07-03,CHURNED,CONSUMER,718
CUST0000239,Sara,Vincent,1959-12-03,gFV-11-1096,schultzwesley@example.org,6337861371576,53844 Parker Underpass Suite 306,North Anthonystad,SOUTH,68522,PLN001,2024-10-03,ACTIVE,CONSUMER,611
CUST0000240,Matthew,Haley,1996-06-03,Pzd-63-8639,oanderson@example.com,6582631281964,3110 Smith Trail,North Christine,NORTH,71761,PLN004,2024-08-27,ACTIVE,CONSUMER,850
CUST0000241,Patrick,Newton,2003-04-05,tmI-27-5233,jessicaroman@example.com,0412091179112,2117 Durham Fords Suite 170,Jonesland,WEST,28064,PLN002,2022-01-18,ACTIVE,CONSUMER,729
CUST0000242,Lee,Odonnell,1987-05-26,OMc-22-4029,daughertyvictoria@example.com,2841390808823,30523 Jessica Crossroad Suite 473,West Jeanport,SOUTH,61717,PLN005,2023-07-14,ACTIVE,CONSUMER,801
CUST0000243,William,Ross,1991-05-02,gLY-34-2346,gabriel37@example.com,6945919663955,2084 Carter Views,Raymondville,WEST,24081,PLN005,2024-02-19,ACTIVE,CONSUMER,679
CUST0000244,Jacob,Sanchez,1995-09-04,auS-35-5251,lovejason@example.net,3816493831849,665 Gonzalez Causeway,Jimenezview,WEST,55713,PLN002,2023-10-21,ACTIVE,CONSUMER,671
CUST0000245,Carolyn,Garza,1948-10-08,aDs-39-0409,meaganpowell@example.net,5017164455618,9064 Snyder Row Apt. 591,East Brandontown,EAST,18685,PLN001,2023-12-02,SUSPENDED,CONSUMER,362
CUST0000246,Grace,Graham,1947-10-23,Sdq-21-3580,rodriguezstacey@example.org,5964229712529,718 Becky Shore Suite 457,North Joseph,EAST,39329,PLN004,2023-04-09,ACTIVE,CONSUMER,765
CUST0000247,Mary,Sanchez,1989-01-12,aQn-31-1703,mcardenas@example.com,5398854728123,7983 Lopez Harbors Suite 249,East Stevenville,SOUTH,98153,PLN001,2023-06-03,CHURNED,ENTERPRISE,321
CUST0000248,Steven,Adams,1948-02-26,Jfw-78-7541,zlewis@example.net,8507451066343,94897 Rodriguez Causeway Apt. 131,North Barbarabury,EAST,09131,PLN001,2021-09-27,ACTIVE,CONSUMER,510
CUST0000249,Nicole,Lyons,1976-11-04,Fnk-66-6134,michaelroberts@example.net,0128974325122,2076 Smith Greens Apt. 209,Tarashire,SOUTH,00632,PLN001,2023-01-12,SUSPENDED,CONSUMER,538
CUST0000250,Daniel,Fuentes,1973-11-12,WjX-94-3882,garcialinda@example.com,7584745705458,48026 Donna Divide Suite 703,Howardland,SOUTH,25908,PLN003,2022-11-22,SUSPENDED,CONSUMER,583
CUST0000251,Daniel,Hill,2003-04-07,vzL-87-8245,rlandry@example.com,0985916795410,272 Hanson Shores Apt. 474,Port Kennethmouth,SOUTH,05868,PLN002,2023-07-18,SUSPENDED,CONSUMER,478
CUST0000252,David,Freeman,1955-06-09,iws-06-5004,stephaniereeves@example.org,6914307536661,9429 Shelton Islands Apt. 342,Spencerport,NORTH,40477,PLN001,2025-10-13,ACTIVE,CONSUMER,666
CUST0000253,Courtney,Gardner,1946-06-24,SuG-66-1287,taylor67@example.com,7080612943985,894 Karina Lock,South Elizabeth,EAST,61162,PLN002,2024-06-27,ACTIVE,CONSUMER,571
CUST0000254,Steve,Brown,1995-07-27,sKE-04-1591,michelle19@example.net,3828723244079,10291 John Cove,Johnsonhaven,SOUTH,58672,PLN001,2026-01-11,CHURNED,SME,838
CUST0000255,Kevin,Webb,1967-03-25,QNh-23-8497,bthomas@example.org,3288377441975,6176 Hernandez Haven Suite 196,New Kevinmouth,NORTH,06088,PLN001,2026-04-14,ACTIVE,SME,670
CUST0000256,Donald,Khan,2002-05-30,Gnw-74-0258,lpalmer@example.net,5957244617679,884 Heidi Radial,Breannafurt,NORTH,09357,PLN005,2023-06-06,ACTIVE,ENTERPRISE,526
CUST0000257,Erik,Davis,1943-09-18,glU-17-7533,acampos@example.org,9410175902517,98334 Kim Heights Apt. 326,North Brandi,NORTH,82960,PLN005,2025-11-30,CHURNED,ENTERPRISE,608
CUST0000258,Arthur,Taylor,2005-12-05,vlR-05-6981,nlee@example.net,8559821766191,411 Hall Rapid,Andrewport,NORTH,33450,PLN004,2022-02-19,ACTIVE,SME,711
CUST0000259,Monique,Moore,1967-03-18,NGt-41-8938,imontgomery@example.net,9740056435023,037 Linda Port Apt. 516,New Timothyberg,NORTH,35957,PLN004,2023-06-12,ACTIVE,SME,375
CUST0000260,Tyler,Perez,1989-11-05,dbX-56-7430,amandadalton@example.net,8706626682171,3560 Jesse Radial Apt. 368,Port Alexisbury,EAST,07956,PLN001,2022-03-06,SUSPENDED,CONSUMER,367
CUST0000261,Henry,Williams,1945-11-13,zEQ-59-3429,douglascharles@example.net,7537458438458,56974 James Dam,West Judy,EAST,28126,PLN002,2022-04-16,SUSPENDED,ENTERPRISE,632
CUST0000262,Kristin,Johnson,1949-01-02,crr-37-7107,fevans@example.org,9670667033626,408 Pineda Rest,Sandraview,EAST,99239,PLN004,2025-04-12,ACTIVE,ENTERPRISE,740
CUST0000263,Matthew,Calderon,1980-11-04,URs-66-0186,ucoleman@example.net,2673204413845,94544 David Port Suite 427,Smithtown,NORTH,61638,PLN001,2025-06-10,CHURNED,ENTERPRISE,520
CUST0000264,Dana,Hawkins,1943-03-06,Jue-60-9149,xwhite@example.com,7232290310287,83044 Erika Walks Suite 809,West Daniel,WEST,66946,PLN004,2023-06-14,ACTIVE,SME,647
CUST0000265,Joel,Nguyen,1970-11-02,buM-56-1642,matthew65@example.com,9025042901935,69026 Stephanie Fork Suite 818,New Thomashaven,WEST,68702,PLN004,2024-03-18,ACTIVE,CONSUMER,620
CUST0000266,Mary,Carter,1970-08-25,uVh-35-3537,seanrosario@example.com,1588157937639,369 Catherine Underpass,Matthewville,EAST,11184,PLN004,2023-01-01,CHURNED,CONSUMER,683
CUST0000267,Eddie,Snyder,1968-06-08,AqW-32-7021,inewton@example.org,0212886652683,55999 Virginia Cape Apt. 576,Yangchester,WEST,38418,PLN002,2024-03-07,ACTIVE,CONSUMER,387
CUST0000268,Jessica,Cummings,1992-03-07,LxR-98-1209,cgray@example.org,1347509889864,5220 Russell Harbors Suite 154,North Keith,WEST,64285,PLN001,2025-02-26,ACTIVE,CONSUMER,433
CUST0000269,Keith,Hardin,1970-07-04,nJG-91-3421,anthonyorr@example.net,0705349678274,176 Baker Way,West Jessica,NORTH,15765,PLN005,2026-01-30,SUSPENDED,ENTERPRISE,637
CUST0000270,Julie,Walker,2006-07-07,DOV-15-2854,mannleroy@example.org,1853800329633,2727 Anderson Roads Apt. 830,Jonesside,NORTH,80614,PLN006,2025-09-03,ACTIVE,CONSUMER,733
CUST0000271,Robert,Baker,1954-11-03,Qlt-69-3578,nancycontreras@example.com,9587413146753,27515 Bush Trail Suite 796,North Kelly,NORTH,67018,PLN006,2022-07-19,ACTIVE,ENTERPRISE,619
CUST0000272,Robert,Hart,1955-04-15,Bzq-54-5667,adamsjessica@example.com,4763928319952,061 Barr Trafficway,Lake Brandonborough,NORTH,47961,PLN003,2025-11-28,SUSPENDED,ENTERPRISE,517
CUST0000273,Mary,Foster,1977-01-26,nJU-34-2556,shelbyjohnson@example.org,8670244033041,624 Charles Parkways Suite 008,North Jill,WEST,51766,PLN002,2026-08-01,ACTIVE,CONSUMER,658
CUST0000274,Larry,Morris,1953-11-14,gqP-80-4473,bbennett@example.org,6847488360765,3906 Sergio Neck,Lake Lanceberg,EAST,83065,PLN005,2024-09-06,ACTIVE,CONSUMER,531
CUST0000275,Gary,Hancock,2007-01-06,NEH-79-3126,briansnyder@example.com,5205996043878,3577 Samantha Manors Apt. 620,New Kaitlin,NORTH,22284,PLN004,2022-02-18,SUSPENDED,CONSUMER,329
CUST0000276,Daniel,Mcclure,1954-01-30,Aza-72-8728,david44@example.net,9592248395894,3522 Smith Mall Apt. 271,West Jacquelineborough,EAST,91470,PLN002,2026-01-02,CHURNED,CONSUMER,647
CUST0000277,Cody,Weber,1947-01-15,wOa-92-1583,joshuahoover@example.com,5964883192134,9128 Rivera Trail,Tammyfort,NORTH,27935,PLN003,2023-12-13,ACTIVE,CONSUMER,710
CUST0000278,Veronica,Davis,1952-02-03,ued-92-2270,williamgonzales@example.net,5481386667548,193 Sonia Village Suite 268,Henryview,SOUTH,90333,PLN001,2025-07-28,CHURNED,CONSUMER,393
CUST0000279,Denise,Thompson,1948-11-01,Jmy-57-5639,harold03@example.com,8309451548094,476 Wendy Squares,Joshuaton,SOUTH,75497,PLN006,2026-02-25,ACTIVE,SME,764
CUST0000280,Sara,Osborn,1996-08-23,cxb-77-2781,janicethompson@example.org,6107051843905,295 Shelia Lodge Suite 013,Lake Joseph,SOUTH,23122,PLN003,2025-12-21,ACTIVE,CONSUMER,632
CUST0000281,James,Wagner,1970-10-23,hvD-20-4485,knightsteven@example.org,2125902035713,324 Nicolas Heights Apt. 429,Robertborough,NORTH,36257,PLN005,2023-01-13,ACTIVE,CONSUMER,461
CUST0000282,Kenneth,Wolfe,2000-09-28,wXP-41-7595,rgallegos@example.org,9628936543588,83437 Johnson Crescent Apt. 727,Nathanfurt,NORTH,86786,PLN005,2022-07-17,CHURNED,CONSUMER,578
CUST0000283,Jacqueline,Soto,1980-09-01,Pgl-02-6755,kevin78@example.org,7979966734595,640 Kathryn Parkways Apt. 664,Watkinsburgh,WEST,67636,PLN004,2021-10-28,ACTIVE,ENTERPRISE,752
CUST0000284,Candice,Wolfe,1951-12-22,Ydf-83-9225,laura25@example.com,2702324412336,328 Smith Estate,Coryside,EAST,90519,PLN004,2023-02-27,ACTIVE,ENTERPRISE,416
CUST0000285,Thomas,Bennett,1967-06-15,Wiz-73-1625,rachael69@example.com,5790392355580,32730 Kevin Course Suite 626,West Larry,WEST,89010,PLN003,2022-09-20,ACTIVE,CONSUMER,798
CUST0000286,Susan,Fisher,1996-07-04,wRU-26-8171,riosrichard@example.org,5298670766046,197 Norman Station Suite 851,South Amanda,EAST,50763,PLN005,2021-10-30,ACTIVE,CONSUMER,704
CUST0000287,Adam,Vaughan,1999-11-03,BdD-94-3897,bill77@example.com,9546540842456,5409 Michael Camp,Wrightland,NORTH,70622,PLN005,2022-01-21,ACTIVE,CONSUMER,608
CUST0000288,Cynthia,Jordan,1947-02-02,KDc-45-7938,nguyenbenjamin@example.net,6815466024161,449 Heather Causeway,Ashleyborough,SOUTH,57772,PLN002,2025-04-16,ACTIVE,CONSUMER,635
CUST0000289,Jacob,Mason,1959-05-06,aAn-09-6244,caseydiane@example.com,7951330531949,695 Alvarez Point Apt. 555,Lynnberg,NORTH,61049,PLN001,2025-02-05,ACTIVE,SME,479
CUST0000290,Amanda,Jackson,1998-10-03,OFJ-64-6091,christopher85@example.com,5770299295966,8736 Nicholas Vista,North Randyborough,WEST,15001,PLN002,2024-02-25,SUSPENDED,CONSUMER,812
CUST0000291,Erik,Waters,1979-06-21,Mru-68-6536,crystal58@example.net,3677472264085,216 Mccann Loop Apt. 093,New Christine,EAST,11053,PLN005,2022-07-20,ACTIVE,SME,343
CUST0000292,Sonia,Nguyen,1981-06-06,bVM-32-9715,marnold@example.org,5327352410397,97327 Linda Villages Suite 237,North Kaitlynchester,NORTH,68627,PLN004,2025-04-25,ACTIVE,CONSUMER,620
CUST0000293,Chad,Butler,2008-05-10,CEU-48-1980,carterraymond@example.net,5687611249125,523 Clark Court Suite 177,Port Jordan,WEST,39205,PLN005,2025-12-19,SUSPENDED,SME,727
CUST0000294,Shannon,Scott,1987-07-11,sbo-49-0228,anna44@example.net,9477422294643,94290 Diaz Pass,Woodsburgh,NORTH,45617,PLN003,2023-04-23,ACTIVE,CONSUMER,632
CUST0000295,Walter,Mills,1984-06-10,Eya-67-2872,petersonkyle@example.org,4913577908335,1581 Tran Place,Port Brianshire,WEST,69044,PLN002,2024-08-04,CHURNED,CONSUMER,390
CUST0000296,Jodi,Norris,1957-07-09,rJr-33-7209,pauljessica@example.org,8403339977180,137 Scott Mountains Apt. 189,New Tony,NORTH,75124,PLN004,2022-12-08,ACTIVE,SME,710
CUST0000297,Rebecca,Cortez,1941-04-24,qWA-73-9970,travis25@example.net,8444835488471,0587 Martin Circles,Chambersville,NORTH,58591,PLN005,2023-10-21,ACTIVE,CONSUMER,647
CUST0000298,Lynn,Lee,1963-12-11,uXH-13-3484,tgarcia@example.net,9252362292587,434 Michael Village Suite 524,Jessicamouth,EAST,59445,PLN002,2025-02-02,ACTIVE,CONSUMER,822
CUST0000299,Kathryn,Smith,1961-08-09,Xrb-60-6527,jasonmoran@example.com,0566588339874,32579 Crane Cape,Wattsfort,NORTH,33248,PLN006,2024-06-21,SUSPENDED,ENTERPRISE,498
CUST0000300,Nicholas,Garcia,1959-09-16,hEi-54-8574,nguyenkimberly@example.com,2949381735984,021 Krueger Lake Suite 325,Perezstad,EAST,44149,PLN003,2024-09-08,CHURNED,CONSUMER,541
